epoch,steps,cosine_pearson,cosine_spearman,euclidean_pearson,euclidean_spearman,manhattan_pearson,manhattan_spearman,dot_pearson,dot_spearman
0,-1,0.8987078519024063,0.898557031317751,0.8917601759006352,0.8971625693194005,0.8934280944236211,0.8981841929828223,0.8868567392564429,0.884698155230188
1,-1,0.8998269086369266,0.9004365958680688,0.8932500033042678,0.8990813661982411,0.8942834545097896,0.8995110852651262,0.8893579753478653,0.8877761085170058
2,-1,0.9035121337378748,0.9040388482583258,0.8982203705543423,0.9032792186451238,0.8988210396532379,0.903176949891364,0.891549327549878,0.8898775672570147
3,-1,0.9031658250994182,0.9036690383952326,0.8975563579102013,0.9025282315601556,0.8982051375361664,0.902561707474443,0.8907021404845646,0.8887019498010782
